"commit","resultset_hash"
"9c6542c4399de971180eac0acf74b9e563d0ad11","b58f85f83987c321154462e7a11a4901"
"f139b236eaf7d189f2c1c7a52a01320bc3d7c886","b58f85f83987c321154462e7a11a4901"
"da69b10674d87ff5747b4cc43ae526391f391fa2","f3c5561bef75671e62deec5addc44061"
"653ca15d9ccdae76f8bd72e26c17871764bdf073","2616405690ad651811636a4b51a0b0d5"
"fcd54d24043943474a28854cd6ca65f510b6912a","2616405690ad651811636a4b51a0b0d5"
"9e4a684002da4bfc4a7399205548e52423154c3a","966e4ca1bfb82457d9044ee94cc03f09"
"6597202515988fb7a9f50b1094122977fa08254d","b315ba01ea06e985e8c1be79d56dbcc3"
"fe20ea6a153ca85f8bc89e945945e40f2358d2ac","01b1eb25c3b5d5cc63a5a461248df806"
"06f6b3b9b66949619da362e8243b3c7b77af3135","01b1eb25c3b5d5cc63a5a461248df806"
"0ce3fb1e6f07b24322199fd9d1247fcd790f36ec","2616405690ad651811636a4b51a0b0d5"
"e6445854b12e6a3cee190580dbcd42de033fedf5","01b1eb25c3b5d5cc63a5a461248df806"
"5e89ea12ba89ad617157878d7586b778e86d419f","d7068da116f2dc5e6346b3a6cf879fbe"
"fe42a64b555e8452114d0e4ea5c3b071c4f94968","d7068da116f2dc5e6346b3a6cf879fbe"
"d012fcdc4806819460c3a468d654a690c5bebece","7f43976aeccf61e7cc39acaa3cf5baec"
"84400ad80536fd7858269238aa14d40e7d55eac7","1b74889e7fee5e3d216e05e1707d6c89"
"9b6dca7feb8af62d50d7606dad40763021d53598","1b74889e7fee5e3d216e05e1707d6c89"
"aaa334d67aa21331abf0070ef0f7fd61330ec61a","d52fad573f6a4f4ea2774b1e8b51fa74"
"1171f2011eaf000ad2122862f3b1a7dd439c1bf1","921429a05fefe45af2453eff399ceb33"
"1a818efc91f006f881a8edef9633b6bcec2d7ed4","8d1b5e03c1f5ad7b3546369d7679b29c"
"a044760492f64ce3aebc2b8376074eece63a082b","8d1b5e03c1f5ad7b3546369d7679b29c"
"be69418128844afb10838e426b678c86333f6946","8d1b5e03c1f5ad7b3546369d7679b29c"
"7690e12be894e680a0f986c6ed578bc673b02916","8d1b5e03c1f5ad7b3546369d7679b29c"
"7f2cbec26b2fa333de3a74659de29120473047b4","8d1b5e03c1f5ad7b3546369d7679b29c"
"ee70105ff55d5908ac7e383b7640c330f6cecfb0","8d1b5e03c1f5ad7b3546369d7679b29c"
"2e7015c7f31027269e6f5e7c314d011254ede04b","974bbd8683d654657937184ddc432221"
"790ef7eb1d45b52d8b338c89f1861c0c052f0f7b","2a855cfc3012b1e5e69e5dba645abe09"
"33d8e0dd359057d23786f17234a3ee2d54c4192c","a3099e2c08be5fbe4eaf38600728466e"
"6f8800a3613d6ffae430ca6d989429beea6ca8ff","8167f126eed715d825fa5a7d551a64aa"
"1abe5676082d5dbbd813100e88766c7e895f5ac4","8167f126eed715d825fa5a7d551a64aa"
"5270cc89f4e4a54e56531e031d8399e1961d6c2b","c108486f52d0ac93ecb24bf1d688fa71"
"b453114c0a5de350a54977b3192445d182622f35","c108486f52d0ac93ecb24bf1d688fa71"
"ae2e8c3a0fdc7b486c8e3bca52786665f01e951d","c108486f52d0ac93ecb24bf1d688fa71"
"13664066ecfc92294d28530d5bed6f0a843c0de3","0424186598bdf5fc2f72c65a067633ad"
"121334b0304fd881c1f13a11be62ca0a4c851121","0424186598bdf5fc2f72c65a067633ad"
"0719eedf48668ea83950e6111d8c64f5bc175b4a","bc1ff3fd1aa6d4cf6b0a5b20b44fccc1"
"03a796248fab32e2d1e84b91da933bce31a8d011","0424186598bdf5fc2f72c65a067633ad"
"259f7b69854d4bb06a8a5cccf4fa4010365aec36","0424186598bdf5fc2f72c65a067633ad"
"3b8326d72a6ec87e61ad4c14ba79a3aaa8ccb153","0424186598bdf5fc2f72c65a067633ad"
"30e56bcc1d7bc5d4f890536cc2178498ef37d003","a9ff9de3644f82d0df7aae89968c0d84"
"9f119467da965ba723196f347821925623d63972","a9ff9de3644f82d0df7aae89968c0d84"
"33509e67a854d3171a4e90300131b213eb289665","5b95357ae1c44c1e69d9c0124a65ba26"
"30413b6e569fdfac88c06cc5d7a5a0bf2a32b34e","60f51b76598bbf9f567216967ee6ec70"
"f2ddf2a8068df3eb9a4cd993d99edbfda3c0a912","a68436e09cc113115b44249b4be8d1a6"
"58a01143830f4300d4128a780a34b5f6170c9bc5","1597c2be7c4ce3566b26195f75e557fe"
"d04c8f270cf61f93456be7573ed9b7af8c98b220","7626c037ee47cb38d95d7c1079a5302e"
"405c79f6c6485a77f12ec811ee4abc8c39e0c2ae","7626c037ee47cb38d95d7c1079a5302e"
"aa9655e62f68bec5e8f1a70b0e014b7668502ad7","eb2a2faa22c66724434d826abc62bf61"
"f26431f09b40a98e772148e01808c35d054c1ed2","eb2a2faa22c66724434d826abc62bf61"
"713feae688b2a2b2ef204a4fb6c6272041af1029","ab87c87d7a2abd844f61d8cce939bc79"
"ea87b02bb58458c541c889b2e02226a59a186b68","1926db1623e58522440492cac28f2e9f"
"90b8bcb9c45fa0b036627ff1a9cbf398421392f9","ab87c87d7a2abd844f61d8cce939bc79"
"c768108d701f2d6383805260f9395357ada6ae6b","facdf57fb5cff05d01355650974d159c"
"a21630a4d102c3654a285e2c19d83d01f4924ef4","4c889156c11cc65ccf167d56f4c3cd85"
"14f76513c39cf440711dbbeb5041cfd85c93e559","bfbc803ec0bfd725ce50a768bd5ac87a"
"4d852503103e432f6e037c0d5d0e5e18d3bde95a","bfbc803ec0bfd725ce50a768bd5ac87a"
"a5383f2c9ff362d1ca1a0a7ec99e38365bacbd5e","bfbc803ec0bfd725ce50a768bd5ac87a"
"72931095df9bde8a57c21988275c2d9a11a98f68","bfbc803ec0bfd725ce50a768bd5ac87a"
"8f7c34858ad4f7320280d8861f41c83c6752f970","3f3ac4e678700680bfa8ee34483b3877"
"87d9a62b8fe7405724ece6b894fd6b73866e6c6a","1dbf3cc321aad8df66f2b73b7de90d71"
"dc5264247d51c185e13edeaf93d05a5d8e58661f","83af99370e5d34e3d54fcd49c9050ad4"
"f7269c3ebd4ed27ba2e0874911f3937e6c161ad6","83af99370e5d34e3d54fcd49c9050ad4"
"7a3d514fc4be3be67214162ca13c9850b6466fe0","83af99370e5d34e3d54fcd49c9050ad4"
"de3884e943c72da91d0eee3b0a588b464ac3379e","83af99370e5d34e3d54fcd49c9050ad4"
"710991b90a3a2ed7966f8f7732a4679982b711c8","c0d25c6bfeeadf255bc45c1858f8b59f"
"5f4af9eafed9cbd7e3c84285fe3c9047f1ccb17d","c6304a785cd3f9f72827a612aa0ab2f8"
"864d64fa1d7a42a909df36fd5aea2c3e3610f25b","16cf28d8ac14364f7f1ea7a3f51111ad"
"09faf058d789632974ffeb8da8c1a7ac91c3a91a","7757365ec9d7ce2aa9c5087e0fcafb6d"
"23a748fc6a96497ee78b992cfeceaadd2a1abd82","047d7ba36d622e1db34151ffcd08d454"
